incident_id,city,locality_name_raw,crime_category,incident_date,source_published_date,source,source_title,source_url,location_accuracy,verification_status,latitude,longitude,notes
NEWS-2024-001,Delhi,Mehrauli,rape/sexual assault,2024-06-25,2024-06-25,Hindustan Times,"18-yr-old raped, impregnated; case filed",https://www.hindustantimes.com/cities/delhi-news/18yrold-raped-impregnated-case-filed-101719252095716.html,locality,unverified,,,Incident date is older than the two-year scoring window; retained because the news report was published within the requested period.
NEWS-2024-002,Delhi,Sagar Pur,attack/threat against rape survivor,2024-10-09,2024-10-11,The Indian Express,"Gangrape survivor attacked, threatened to withdraw case in Delhi",https://indianexpress.com/article/cities/delhi/gangrape-survivor-attacked-threatened-delhi-9615347/,locality,unverified,,,
NEWS-2024-003,Delhi,Vasant Vihar / Shankar Vihar,attempted rape / homicide,2024-12-23,2024-12-24,The Tribune,8-year-old strangled for resisting rape in Delhi’s Vasant Kunj,https://www.tribuneindia.com/news/delhi/8-year-old-strangled-for-resisting-rape-in-delhis-vasant-kunj/,locality,unverified,,,
NEWS-2025-001,Delhi,Swaroop Nagar / Kadipur,rape,2025-04-20,2025-04-24,ThePrint (PTI),Woman raped by neighbour in front of daughter in Delhi farmhouse,https://theprint.in/india/woman-raped-by-neighbour-in-front-of-daughter-in-delhi-farmhouse/2602183/,locality,unverified,,,
NEWS-2024-004,Mumbai,CSMT area,gang rape,2024-10-03,2024-10-04,eSakal,29-year-old woman allegedly gang-raped near CSMT,https://www.esakal.com/mumbai/gang-rape-csmt-mumbai-behind-taxi-woman-abduction-mra-police-crime-news-marathi-srk94,locality,unverified,,,
NEWS-2024-005,Mumbai,Central Mumbai / Mahalaxmi,rape / POCSO,2024-10-02,2024-10-03,The Indian Express,Mumbai man arrested after daughter alleges rape,https://indianexpress.com/article/cities/mumbai/mumbai-man-lodges-missing-person-complaint-arrested-after-daughter-alleges-she-was-raped-9601545/,locality,unverified,,,
NEWS-2026-001,Mumbai,Chembur / Navi Mumbai service road,sexual assault / molestation,2026-09-06,2026-09-07,The Indian Express,"Driver stops to drink water, then allegedly attempts to assault and disrobe Mumbai woman",https://indianexpress.com/article/cities/mumbai/mumbai-driver-stops-drink-water-woman-assault-disrobe-10866894/,locality,unverified,,,
NEWS-2025-002,Bengaluru,Koramangala,gang rape,2025-02-20,2025-02-22,India Today,Bengaluru woman allegedly gangraped at hotel in Koramangala,https://www.indiatoday.in/cities/bengaluru/story/woman-sexual-assault-gang-raped-by-four-in-bengaluru-2683683-2025-02-21,locality,unverified,,,
NEWS-2025-003,Bengaluru,Suddagunte Palya / BTM Layout,sexual harassment,2025-04-04,2025-04-07,News9Live,Woman sexually harassed on Bengaluru street,https://www.news9live.com/india/caught-on-cam-man-sexually-assaults-woman-on-bengaluru-street-2837424,locality,unverified,,,
NEWS-2025-004,Bengaluru,Gangothri Circle,sexual assault / robbery,2025-08-31,2025-08-31,Malayala Manorama,Woman sexually assaulted and robbed in Bengaluru PG,https://www.manoramaonline.com/news/latest-news/2025/08/31/woman-sexually-harassed-looted-of-cash-by-masked-man-in-bengaluru.html,locality,unverified,,,
NEWS-2024-006,Hyderabad,Jawaharnagar,rape / POCSO,2024-12-01,2024-12-03,Siasat,Five-year-old allegedly raped in Hyderabad's Jawaharnagar area,https://www.siasat.com/five-year-old-raped-in-hyderabads-jawaharnagar-area-one-arrested-3141680/,locality,unverified,,,
NEWS-2025-005,Hyderabad,Mamidipally / Pahadishareef,rape,2025-03-31,2025-04-02,The New Indian Express,Cab driver allegedly raped German woman in Mamidipally,https://www.newindianexpress.com/cities/hyderabad/2025/Apr/01/hyderabad-cab-driver-rapes-25-year-old-german-woman-on-way-to-airport-probe-on,locality,unverified,,,
NEWS-2024-007,Pune,Bopdev Ghat,gang rape,2024-10-03,2024-10-04,The Indian Express,22-year-old woman allegedly gangraped at Bopdev Ghat,https://indianexpress.com/article/cities/pune/gang-rape-21-year-old-woman-pune-bopdev-ghat-fir-lodged-9603014/,locality,unverified,,,
NEWS-2025-006,Pune,Shirur taluka / Ranjangaon,gang rape,2025-03-01,2025-03-03,The Indian Express,19-year-old woman allegedly gangraped at knifepoint in Pune district,https://indianexpress.com/article/cities/pune/pune-19-year-old-woman-gang-raped-at-knifepoint-in-village-9866301/,locality,unverified,,,
NEWS-2025-007,Chennai,Pallikaranai / Vadapalani,rape,2025-07-10,2025-07-11,The New Indian Express,Temple priest held for alleged sexual assault in Chennai,https://www.newindianexpress.com/cities/chennai/2025/Jul/11/temple-priest-held-for-alleged-sexual-assault-in-chennai,locality,unverified,,,
NEWS-2024-008,Chennai,Kotturpuram / Anna University,rape / sexual assault,2024-12-23,2024-12-28,Times of India,Anna University sexual assault case,https://timesofindia.indiatimes.com/city/chennai/anna-univ-rape-accused-had-50-unusual-videos-in-phone/articleshow/116722955.cms,locality,unverified,,,
NEWS-2025-008,Kolkata,Regent Park / Haridevpur,gang rape,2025-09-05,2025-09-07,Hindustan Times,20-year-old allegedly gang-raped by acquaintances in Kolkata,https://www.hindustantimes.com/india-news/kolkata-woman-gang-raped-by-2-acquaintances-during-birthday-celebration-101757239969334-amp.html,locality,unverified,,,
NEWS-2024-009,Kolkata,Garia / Dhalua,gang rape,2024-10-31,2024-11-07,The Indian Express,Woman allegedly gang raped after meeting Facebook friend,https://indianexpress.com/article/cities/kolkata/four-arrested-for-alleged-gang-rape-of-woman-whom-one-accused-met-on-facebook-9656799/,locality,unverified,,,
NEWS-2024-010,Bhopal,Aishbagh,rape / blackmail,2024-08-31,2024-09-25,Free Press Journal,Sexual assault reported from Aishbagh area,https://www.freepressjournal.in/bhopal/two-incidents-of-sexual-assault-reported-in-bhopal-accused-in-both-cases-still-absconding,locality,unverified,,,Incident date is older than the two-year scoring window; retained because the news report was published within the requested period.
NEWS-2024-011,Bhopal,Nishatpura / Karond,rape,2024-08-31,2024-09-25,Free Press Journal,Sexual assault reported from Nishatpura/Karond area,https://www.freepressjournal.in/bhopal/two-incidents-of-sexual-assault-reported-in-bhopal-accused-in-both-cases-still-absconding,locality,unverified,,,Incident date is older than the two-year scoring window; retained because the news report was published within the requested period.
NEWS-2024-012,Bhopal,Chhola,rape / sexual assault / POCSO,2024-12-07,2024-12-08,India Today,Tutor allegedly sexually assaulted two sisters in Chhola police-station area,https://www.indiatoday.in/amp/india/story/bhopal-coaching-centre-operator-arrested-sexually-assaulting-2-sisters-extra-classes-2646754-2024-12-08,locality,unverified,,,
NEWS-2025-009,Bhopal,Bag Sewania,rape / blackmail,2023-04-01,2025-03-20,Times of India,Woman reports alleged rape and blackmail; Bag Sewania police case,https://timesofindia.indiatimes.com/city/bhopal/raped-blackmailed-by-hoodlum-married-woman-goes-to-cops/articleshow/119225375.cms,locality,unverified,,,Incident date is older than the two-year scoring window; retained because the news report was published within the requested period.
NEWS-2025-010,Bhopal,Piplani / Deep Mohini Colony,rape,2023-01-01,2025-04-25,Times of India,Bhopal woman alleges rape at rented home in Piplani area,https://timesofindia.indiatimes.com/city/bhopal/man-rapes-27-yr-old-on-marriage-pretext/articleshow/120595234.cms,locality,unverified,,,Incident date is older than the two-year scoring window; retained because the news report was published within the requested period.
